артикул;название;марка;категория;цена;магазин;цс;удаленный_склад;европа;применяемость;описание
11427586926;Фильтр масляный двигателя;BMW;Фильтры;1890;24;3;0;1;G20|G21|G80|G81|G42;Оригинальный масляный фильтр BMW для рядных 4- и 6-цилиндровых двигателей B48/B58. Поставляется в заводской упаковке дилера.
13718605073;Фильтр воздушный;BMW;Фильтры;2460;0;18;0;0;G20|G80|G81|G22;Оригинальный воздушный фильтр BMW. Сохраняет паспортный расход воздуха и защищает турбину B58.
64119264974;Фильтр салона угольный;BMW;Фильтры;3210;0;0;31;0;G20|G21|G80|G81|G22|G23;Салонный фильтр с активированным углём. Рекомендуется замена каждые 15 000 км.
34116864752;Колодки тормозные передние;BMW;Тормозная система;14790;0;0;0;8;G80|G81|G82;Оригинальный комплект передних колодок M Performance для BMW M3/M4, включая Touring G81.
34216864754;Колодки тормозные задние;BMW;Тормозная система;9890;6;0;0;0;G80|G81|G82;Задние тормозные колодки BMW M. Сохраняют расчётный баланс тормозных сил оси.
34116885801;Диск тормозной передний вентилируемый;BMW;Тормозная система;21400;0;4;0;0;G80|G81;Оригинальный передний тормозной диск BMW M Compound. Продаётся поштучно.
83212365951;Моторное масло 0W-30 TwinPower Turbo 1 л;BMW;Масла и жидкости;1490;0;0;86;0;B48|B58|S58;Оригинальное синтетическое масло BMW Longlife-12 FE. Канистра 1 литр.
12120037607;Свеча зажигания;BMW;Двигатель;1890;0;0;0;40;B58|S58|G81;Иридиевая свеча зажигания BMW. Меняется комплектом на все цилиндры.
11618511364;Патрубок интеркулера;BMW;Двигатель;8760;1;0;0;0;G80|G81;Оригинальный патрубок системы наддува. Срок поставки из Европы — 5–8 рабочих дней.
51138073091;Эмблема капота;BMW;Кузов;4290;0;12;0;1;G20|G80|G81;Оригинальная круглая эмблема BMW на капот. Крепление на клипсах.
31356785915;Рычаг передней подвески нижний левый;BMW;Подвеска;18900;0;0;3;0;G20|G21|G80|G81;Нижний поперечный рычаг BMW с сайлентблоками. Оригинал Lemförder / BMW.
A0001802609;Фильтр масляный;Mercedes-Benz;Фильтры;2140;2;0;0;27;W463|W464|G63|M177;Оригинальный масляный фильтр Mercedes-Benz для двигателей M177/M178, включая G63 AMG.
A1770940004;Фильтр воздушный;Mercedes-Benz;Фильтры;3890;11;0;0;0;W464|G63|GT63;Воздушный фильтр Mercedes-AMG. Повышенная площадь фильтрующего элемента.
A0004205800;Колодки тормозные передние;Mercedes-Benz;Тормозная система;16890;0;7;0;0;W464|G63;Передние колодки Mercedes-AMG для G-Class. Комплект на ось, с датчиками износа.
A4644210000;Диск тормозной передний;Mercedes-Benz;Тормозная система;28600;0;0;2;0;W464|G63;Вентилируемый перфорированный диск Mercedes-AMG G63. Продаётся поштучно.
A000989830113;Моторное масло 0W-40 AMG 1 л;Mercedes-Benz;Масла и жидкости;1790;0;0;0;54;M177|M178|M256;Оригинальное масло Mercedes-AMG 0W-40, допуск MB 229.5. Канистра 1 литр.
A0009058904;Свеча зажигания;Mercedes-Benz;Двигатель;2340;32;0;0;0;M177|G63;Свеча зажигания Mercedes-AMG. Для двигателя V8 битурбо G63 требуется 8 штук.
A4643200100;Амортизатор передний;Mercedes-Benz;Подвеска;54200;1;0;0;0;W464|G63;Оригинальный передний амортизатор Mercedes-Benz G-Class. Поставка из Европы 7–12 дней.
A4648800100;Решётка радиатора AMG;Mercedes-Benz;Кузов;67800;0;0;1;1;W464|G63;Оригинальная вертикальная решётка Mercedes-AMG G63 с эмблемой звезды.
A2118300818;Фильтр салона;Mercedes-Benz;Фильтры;2680;0;0;0;19;W205|W213|W464;Комбинированный салонный фильтр Mercedes-Benz с антиаллергенным слоем.
06K115562B;Фильтр масляный;Audi;Фильтры;1320;22;0;0;0;EA888|B9|C8|8Y;Оригинальный масляный фильтр VAG для двигателей EA888 gen.3/gen.4.
8W0129620;Фильтр воздушный;Audi;Фильтры;2180;0;14;0;0;B9|A4|A5|Q5;Воздушный фильтр Audi оригинальный. Подходит для A4/A5/Q5 поколения B9.
8W0698151K;Колодки тормозные передние;Audi;Тормозная система;9780;2;0;9;0;B9|A4|A5;Передние тормозные колодки Audi. Комплект на ось, с датчиком износа.
8W0615301K;Диск тормозной передний;Audi;Тормозная система;11240;0;0;0;5;B9|A4|A5;Вентилируемый тормозной диск Audi. Продаётся поштучно, рекомендуется замена парой.
06L905601B;Катушка зажигания;Audi;Электрика;4890;16;0;0;0;EA888|B9|C8;Оригинальная катушка зажигания Audi/VW. Для 2.0 TFSI требуется 4 штуки.
G052195M4;Моторное масло 0W-20 LongLife IV 1 л;Audi;Масла и жидкости;1290;0;40;0;0;EA888 gen.4|VW 508 00;Оригинальное масло VAG 0W-20 LongLife IV. Допуск VW 508 00 / 509 00.
5Q0121449B;Помпа водяная;Volkswagen;Охлаждение;15400;0;3;4;0;Golf 8|Tiguan|Passat B8;Оригинальная помпа системы охлаждения VAG с термостатом в сборе.
03C115561H;Фильтр масляный;Volkswagen;Фильтры;980;0;0;0;35;EA211|Polo|Rapid|Octavia;Масляный фильтр Volkswagen для атмосферных и турбо моторов EA211.
5Q0698151D;Колодки тормозные передние;Volkswagen;Тормозная система;6890;13;0;0;0;Golf 7|Golf 8|Tiguan;Передние колодки Volkswagen. Комплект на ось.
5Q0615301R;Диск тормозной передний;Volkswagen;Тормозная система;7420;0;8;0;0;Golf 7|Golf 8|Passat B8;Оригинальный вентилируемый диск VW. Продаётся поштучно.
1K0129667M;Фильтр воздушный;Volkswagen;Фильтры;1640;0;0;21;0;Golf 7|Passat B8|Octavia A7;Воздушный фильтр VAG. Подходит для семейства MQB.
04E115561H;Фильтр масляный;Škoda;Фильтры;1050;0;0;0;17;Octavia A8|Superb|Kodiaq;Оригинальный масляный фильтр Škoda для двигателей EA888 / EA211 evo.
5Q0819653;Фильтр салона угольный;Škoda;Фильтры;1890;25;0;0;0;Octavia A7|Octavia A8|Kodiaq|Karoq;Салонный фильтр Škoda с активированным углём. Оригинал VAG.
5Q0407365R;Стойка стабилизатора передняя;Škoda;Подвеска;2460;2;10;0;0;Octavia|Golf|Superb;Оригинальная стойка стабилизатора VAG. Меняется при стуке на неровностях.
04L115389C;Фильтр топливный;Škoda;Фильтры;3120;1;0;0;0;Octavia A7|Superb|Tiguan diesel;Топливный фильтр для дизельных моторов TDI. Поставка из Европы 6–9 дней.
9A110222000;Фильтр масляный;Porsche;Фильтры;2890;0;0;0;9;911 992|718|Taycan нет;Оригинальный масляный фильтр Porsche для оппозитных моторов 911 992 и 718.
9A110713100;Фильтр воздушный;Porsche;Фильтры;6740;4;0;0;1;911 992;Воздушный фильтр Porsche 911 (992), включая Targa 4 и Targa 4S.
9A161560200;Колодки тормозные передние PCCB / сталь;Porsche;Тормозная система;24800;0;3;0;0;911 992|992 Targa;Оригинальные передние колодки Porsche для стальной тормозной системы 992.
9A161560300;Колодки тормозные задние;Porsche;Тормозная система;18700;0;0;2;0;911 992|992 Targa;Задние тормозные колодки Porsche 911 992. Комплект на ось.
00004330547;Моторное масло 0W-40 1 л;Porsche;Масла и жидкости;2190;0;3;0;28;911 992|Cayenne|Panamera|Macan;Оригинальное масло Porsche Classic / Mobil 1 0W-40, допуск Porsche A40.
9A157011100;Свеча зажигания;Porsche;Двигатель;3120;18;0;0;0;911 992|992 Targa;Свеча зажигания Porsche 911 992. Для оппозитной шестёрки требуется 6 штук.
9P180311100;Тормозные колодки передние;Porsche;Тормозная система;31200;1;0;0;0;Cayenne|Cayenne Coupe;Передние колодки Porsche Cayenne. Поставка с европейского склада 8–14 дней.
07C115561F;Фильтр масляный;Bentley;Фильтры;4680;0;0;5;0;Continental GT|Flying Spur|Bentayga;Оригинальный масляный фильтр Bentley / VAG для моторов W12 и V8.
07C129620E;Фильтр воздушный;Bentley;Фильтры;8940;0;0;0;2;Continental GT|Flying Spur;Воздушный фильтр Bentley Continental. Оригинал, в заводской упаковке.
4E0698151G;Колодки тормозные передние;Bentley;Тормозная система;42800;1;0;0;0;Continental GT|Flying Spur;Передние колодки Bentley с керамической/составной системой. Комплект на ось.
07P115562;Фильтр масляный V8;Bentley;Фильтры;5120;0;0;0;1;Bentayga V8|Continental GT V8;Масляный фильтр Bentley Bentayga V8. Поставка из Европы 10–14 дней.
N10109101;Пробка сливная масляного поддона;Volkswagen;Двигатель;390;0;0;64;0;VW|Audi|Škoda|Porsche;Оригинальная сливная пробка VAG с новым уплотнительным кольцом.
07119963127;Пробка сливная масляного поддона;BMW;Двигатель;620;0;0;0;48;B48|B58|S58|G81;Оригинальная сливная пробка BMW с алюминиевым уплотнением. Меняется при каждом ТО.
11427638907;Фильтр масляный;BMW;Фильтры;1980;16;0;0;0;G30|G31|G05|G06|G07;Оригинальный масляный фильтр BMW для 5 серии G30 и X5/X6/X7.
13718592621;Фильтр воздушный;BMW;Фильтры;3120;0;11;0;0;G05|G06|X5|X6;Воздушный фильтр BMW X5/X6 G05/G06. Оригинал дилера.
34116864941;Колодки тормозные передние;BMW;Тормозная система;11200;0;0;7;0;G30|G31|5 Series;Передние колодки BMW 5 серии G30/G31. Комплект на ось.
64119273124;Фильтр салона;BMW;Фильтры;2890;0;0;0;20;G30|G05|G11|G12;Салонный фильтр BMW для 5/7 серии и X5.
A6511803109;Фильтр масляный;Mercedes-Benz;Фильтры;1860;18;3;0;0;W206|W213|C-Class|E-Class;Оригинальный масляный фильтр Mercedes-Benz для C-Class W206 и E-Class W213.
A2134201500;Колодки тормозные передние;Mercedes-Benz;Тормозная система;12400;0;6;0;0;W213|E-Class;Передние колодки Mercedes-Benz E-Class W213. Комплект на ось.
A2068300000;Фильтр салона;Mercedes-Benz;Фильтры;2540;0;0;15;1;W206|C-Class;Салонный фильтр Mercedes-Benz C-Class W206.
A2474201500;Колодки тормозные передние;Mercedes-Benz;Тормозная система;9800;2;0;0;8;W177|A-Class|GLA;Передние колодки Mercedes-Benz A-Class W177 / GLA.
4K0129620;Фильтр воздушный;Audi;Фильтры;2760;9;0;0;0;C8|A6|A7;Воздушный фильтр Audi A6/A7 C8.
4M0698151K;Колодки тормозные передние;Audi;Тормозная система;13400;0;5;0;0;Q7|Q8|4M;Передние колодки Audi Q7/Q8. Комплект на ось.
4M0129620A;Фильтр воздушный;Audi;Фильтры;3480;0;0;7;0;Q7|Q8;Воздушный фильтр Audi Q7/Q8.
5NA129620B;Фильтр воздушный;Volkswagen;Фильтры;1890;0;0;0;14;Tiguan|Tiguan Allspace;Воздушный фильтр Volkswagen Tiguan.
2Q0698151;Колодки тормозные передние;Volkswagen;Тормозная система;5420;12;0;0;0;Polo|Rapid;Передние колодки Volkswagen Polo / Škoda Rapid.
3Q0819653B;Фильтр салона;Volkswagen;Фильтры;1760;0;19;0;0;Passat B8|Arteon|Superb;Салонный фильтр Volkswagen Passat B8 / Arteon.
5E0698151A;Колодки тормозные передние;Škoda;Тормозная система;6240;0;0;11;0;Octavia A7|Octavia A8;Передние колодки Škoda Octavia.
565129620;Фильтр воздушный;Škoda;Фильтры;1540;0;0;0;13;Kodiaq|Karoq|Superb;Воздушный фильтр Škoda Kodiaq / Karoq.
5L0129620;Фильтр воздушный;Škoda;Фильтры;980;16;0;0;0;Rapid|Fabia;Воздушный фильтр Škoda Rapid / Fabia.
95B12962000;Фильтр воздушный;Porsche;Фильтры;5890;0;6;0;0;Macan;Воздушный фильтр Porsche Macan. Оригинал.
95810720100;Фильтр масляный;Porsche;Фильтры;3240;2;0;8;0;Cayenne|Panamera|Macan;Масляный фильтр Porsche Cayenne / Panamera / Macan.
97035193900;Колодки тормозные передние;Porsche;Тормозная система;28600;0;0;0;2;Panamera;Передние колодки Porsche Panamera. Комплект на ось.
36A129620A;Фильтр воздушный;Bentley;Фильтры;9120;3;0;0;0;Bentayga;Воздушный фильтр Bentley Bentayga.
36A698151A;Колодки тормозные передние;Bentley;Тормозная система;51200;0;1;0;0;Bentayga;Передние колодки Bentley Bentayga. Комплект на ось.
